ResiduePosition,A,C,D,E,F,G,H,I,K,L,M,N,P,Q,R,S,T,V,W,Y
1,0.0,0.0,0.0,0.0,0.0,0.0,0.0,0.0,0.0,0.0,0.0,0.0,0.0,0.0,0.0,0.0,0.0,0.0,0.0,0.0
2,0.0,0.0,0.0,0.0,0.0,0.0,0.0,0.0,0.0,0.0,0.0,0.0,0.0,0.0,0.0,0.0,0.0,0.0,0.0,0.0
3,0.0,0.0,0.0,0.0,1.0,0.0,0.0,0.0,0.0,0.0,0.0,0.0,0.0,0.0,0.0,0.0,0.0,0.0,0.0,0.0
4,0.0,0.0,0.0,0.0,0.0,0.0,0.0,0.0,1.0,0.0,0.0,0.0,0.0,0.0,0.0,0.0,0.0,0.0,0.0,0.0
5,0.0,0.0,0.0,0.0,0.961538,0.0,0.0,0.0,0.0,0.0,0.0,0.0,0.0,0.0,0.0,0.0,0.0,0.0,0.038462,0.0
6,0.0,0.0,0.0,0.0,0.0,0.0,0.0,0.0,1.0,0.0,0.0,0.0,0.0,0.0,0.0,0.0,0.0,0.0,0.0,0.0
7,0.0,0.0,0.0,0.0,0.946154,0.0,0.0,0.0,0.0,0.0,0.0,0.0,0.0,0.0,0.0,0.0,0.0,0.0,0.053846,0.0
8,0.030769,0.0,0.0,0.0,0.076923,0.0,0.0,0.0,0.0,0.0,0.0,0.0,0.0,0.892308,0.0,0.0,0.0,0.0,0.0,0.0
9,0.0,0.0,0.0,0.0,0.7,0.0,0.0,0.0,0.0,0.0,0.0,0.0,0.0,0.0,0.0,0.0,0.0,0.0,0.3,0.0
10,0.053846,0.0,0.938462,0.0,0.0,0.0,0.0,0.0,0.0,0.0,0.0,0.0,0.007692,0.0,0.0,0.0,0.0,0.0,0.0,0.0
11,0.638462,0.0,0.076923,0.0,0.115385,0.0,0.0,0.0,0.0,0.0,0.0,0.0,0.161538,0.0,0.0,0.0,0.0,0.007692,0.0,0.0
12,0.0,0.0,0.026923,0.0,0.0,0.0,0.0,0.0,0.0,0.15,0.0,0.0,0.469231,0.35,0.0,0.0,0.0,0.003846,0.0,0.0
13,0.0,0.807692,0.0,0.0,0.0,0.0,0.0,0.0,0.0,0.115385,0.0,0.0,0.053846,0.023077,0.0,0.0,0.0,0.0,0.0,0.0
14,0.0,0.038462,0.0,0.0,0.0,0.0,0.0,0.0,0.0,0.565934,0.0,0.0,0.175824,0.076923,0.0,0.0,0.0,0.142857,0.0,0.0
15,0.0,0.0,0.0,0.0,0.0,0.0,0.0,0.0,0.0,0.0,0.0,0.0,0.0,0.142857,0.0,0.0,0.0,0.857143,0.0,0.0
16,0.0,0.0,0.0,0.0,0.0,0.0,0.0,0.0,0.0,0.0,0.0,0.0,0.044872,0.0,0.0,0.166667,0.0,0.788462,0.0,0.0
17,0.0,0.0,0.0,0.0,0.0,0.0,0.0,0.0,0.0,0.714286,0.0,0.142857,0.0,0.0,0.0,0.0,0.0,0.142857,0.0,0.0
18,0.0,0.084615,0.0,0.0,0.0,0.0,0.0,0.0,0.0,0.0,0.0,0.0,0.0,0.023077,0.0,0.0,0.0,0.892308,0.0,0.0
19,0.0,0.0,0.0,0.0,0.0,0.0,0.0,0.0,0.0,0.0,0.0,0.0,0.0,0.0,0.0,0.0,0.0,1.0,0.0,0.0
20,0.0,0.0,0.0,0.0,0.0,0.0,0.0,0.0,0.0,0.138462,0.0,0.0,0.0,0.776923,0.0,0.0,0.0,0.084615,0.0,0.0
21,0.067308,0.721154,0.0,0.0,0.0,0.0,0.0,0.0,0.0,0.0,0.0,0.0,0.0,0.0,0.0,0.0,0.0,0.211538,0.0,0.0
22,0.0,0.0,0.0,0.0,0.0,0.0,0.0,0.0,0.0,0.0,0.0,0.0,0.0,0.0,0.0,0.0,0.0,1.0,0.0,0.0
23,0.0,0.0,0.0,0.0,0.0,0.0,0.0,0.0,0.0,0.0,0.0,0.0,0.0,0.0,0.0,0.0,0.0,1.0,0.0,0.0
24,0.0,0.0,0.0,0.0,0.0,0.0,0.0,0.0,0.0,0.0,0.0,0.0,0.166667,0.0,0.0,0.0,0.0,0.833333,0.0,0.0
25,0.0,0.0,0.0,0.0,0.0,0.0,0.0,0.0,0.0,0.0,0.0,0.0,0.102564,0.0,0.0,0.0,0.0,0.897436,0.0,0.0
26,0.0,0.0,0.0,0.0,0.0,0.0,0.0,0.0,0.974359,0.0,0.0,0.0,0.0,0.0,0.0,0.0,0.0,0.0,0.025641,0.0
27,0.0,0.0,0.974359,0.0,0.0,0.0,0.025641,0.0,0.0,0.0,0.0,0.0,0.0,0.0,0.0,0.0,0.0,0.0,0.0,0.0
28,0.0,0.0,0.0,0.0,0.0,0.0,0.0,0.0,1.0,0.0,0.0,0.0,0.0,0.0,0.0,0.0,0.0,0.0,0.0,0.0
29,0.025641,0.0,0.974359,0.0,0.0,0.0,0.0,0.0,0.0,0.0,0.0,0.0,0.0,0.0,0.0,0.0,0.0,0.0,0.0,0.0
30,0.089744,0.0,0.0,0.0,0.705128,0.0,0.0,0.0,0.0,0.0,0.0,0.0,0.0,0.0,0.0,0.0,0.0,0.0,0.205128,0.0
31,0.406667,0.0,0.053333,0.0,0.0,0.0,0.0,0.0,0.0,0.0,0.0,0.0,0.0,0.54,0.0,0.0,0.0,0.0,0.0,0.0
32,0.0,0.0,0.0,0.0,0.0,0.0,0.0,0.0,0.08,0.0,0.0,0.0,0.0,0.0,0.0,0.0,0.0,0.0,0.92,0.0
33,0.525,0.0,0.465,0.01,0.0,0.0,0.0,0.0,0.0,0.0,0.0,0.0,0.0,0.0,0.0,0.0,0.0,0.0,0.0,0.0
34,0.0,0.0,0.25,0.0,0.155,0.0,0.0,0.0,0.0,0.0,0.0,0.0,0.0,0.155,0.0,0.0,0.0,0.0,0.44,0.0
35,0.14,0.0,0.35,0.0,0.0,0.0,0.0,0.0,0.0,0.125,0.0,0.0,0.0,0.01,0.0,0.0,0.0,0.25,0.125,0.0
36,0.0,0.033333,0.008,0.008,0.332,0.0,0.0,0.0,0.0,0.016,0.0,0.0,0.0,0.204,0.0,0.0,0.0,0.366667,0.032,0.0
37,0.005333,0.0,0.296,0.0,0.005333,0.0,0.0,0.0,0.0,0.0,0.0,0.0,0.021333,0.005333,0.0,0.0,0.0,0.666667,0.0,0.0
38,0.216,0.376,0.128,0.0,0.0,0.0,0.0,0.0,0.0,0.016,0.0,0.0,0.0,0.264,0.0,0.0,0.0,0.0,0.0,0.0
39,0.0,0.0,0.933333,0.0,0.0,0.0,0.0,0.0,0.0,0.013333,0.0,0.0,0.013333,0.013333,0.0,0.0,0.0,0.026667,0.0,0.0
40,0.0,0.0,0.013333,0.0,0.0,0.0,0.0,0.0,0.0,0.026667,0.0,0.0,0.66,0.093333,0.0,0.0,0.0,0.206667,0.0,0.0
41,0.01,0.0,0.125,0.0,0.26,0.0,0.02,0.0,0.01,0.09,0.0,0.3,0.0,0.0,0.01,0.0,0.0,0.175,0.0,0.0
42,0.02,0.0,0.33,0.0,0.03,0.25,0.03,0.0,0.0,0.0,0.0,0.0,0.02,0.25,0.07,0.0,0.0,0.0,0.0,0.0
43,0.0,0.0,0.0,0.0,0.0,0.195,0.0,0.01,0.0,0.0,0.0,0.0,0.02,0.0,0.195,0.02,0.56,0.0,0.0,0.0
44,0.0,0.0,0.69,0.25,0.0,0.01,0.01,0.0,0.0,0.0,0.0,0.0,0.02,0.0,0.01,0.01,0.0,0.0,0.0,0.0
45,0.0,0.0,0.0,0.0,0.0,0.013333,0.0,0.186667,0.0,0.0,0.0,0.0,0.0,0.0,0.22,0.0,0.58,0.0,0.0,0.0
46,0.0,0.0,0.793333,0.0,0.0,0.026667,0.013333,0.0,0.0,0.0,0.0,0.0,0.166667,0.0,0.0,0.0,0.0,0.0,0.0,0.0
47,0.0,0.0,0.0,0.0,0.0,0.0,0.0,0.78,0.0,0.0,0.02,0.0,0.0,0.0,0.02,0.0,0.18,0.0,0.0,0.0
48,0.0,0.0,0.95,0.0,0.0,0.04,0.01,0.0,0.0,0.0,0.0,0.0,0.0,0.0,0.0,0.0,0.0,0.0,0.0,0.0
49,0.0,0.0,0.0,0.0,0.2,0.061538,0.0,0.0,0.0,0.0,0.0,0.0,0.0,0.0,0.0,0.0,0.738462,0.0,0.0,0.0
50,0.0,0.0,0.0,0.0,0.0,0.0,0.0,0.0,0.0,0.836538,0.0,0.0,0.153846,0.0,0.0,0.0,0.0,0.009615,0.0,0.0
51,0.836538,0.0,0.105769,0.0,0.0,0.0,0.0,0.0,0.0,0.0,0.0,0.0,0.057692,0.0,0.0,0.0,0.0,0.0,0.0,0.0
52,0.0,0.0,0.0,0.0,0.0,0.875,0.009615,0.0,0.0,0.0,0.0,0.0,0.105769,0.0,0.0,0.0,0.009615,0.0,0.0,0.0
53,0.0,0.0,0.0,0.0,0.0,0.0,0.0,0.0,0.0,0.0,0.0,0.025641,0.0,0.0,0.948718,0.025641,0.0,0.0,0.0,0.0
54,0.0,0.0,0.0,0.0,0.0,0.0,0.0,0.028846,0.0,0.0,0.903846,0.0,0.0,0.0,0.0,0.0,0.067308,0.0,0.0,0.0
55,0.0,0.0,0.0,0.0,0.0,0.0,0.0,0.211538,0.0,0.0,0.788462,0.0,0.0,0.0,0.0,0.0,0.0,0.0,0.0,0.0
56,0.0,0.0,0.0,0.0,0.0,0.0,0.0,0.211538,0.0,0.0,0.788462,0.0,0.0,0.0,0.0,0.0,0.0,0.0,0.0,0.0
57,0.0,0.0,0.0,0.0,0.0,0.0,0.0,0.980769,0.0,0.0,0.0,0.0,0.0,0.0,0.0,0.0,0.019231,0.0,0.0,0.0
58,0.0,0.0,0.676923,0.0,0.0,0.007692,0.107692,0.007692,0.0,0.0,0.0,0.0,0.0,0.0,0.0,0.0,0.0,0.2,0.0,0.0
59,0.0,0.0,1.0,0.0,0.0,0.0,0.0,0.0,0.0,0.0,0.0,0.0,0.0,0.0,0.0,0.0,0.0,0.0,0.0,0.0
60,0.0,0.0,1.0,0.0,0.0,0.0,0.0,0.0,0.0,0.0,0.0,0.0,0.0,0.0,0.0,0.0,0.0,0.0,0.0,0.0
61,0.0,0.930769,0.069231,0.0,0.0,0.0,0.0,0.0,0.0,0.0,0.0,0.0,0.0,0.0,0.0,0.0,0.0,0.0,0.0,0.0
62,0.0,0.0,0.053846,0.0,0.0,0.0,0.0,0.0,0.0,0.0,0.0,0.0,0.015385,0.0,0.0,0.0,0.0,0.930769,0.0,0.0
63,0.0,0.0,0.0,0.0,0.0,0.0,0.0,0.0,0.0,0.0,0.0,0.0,0.069231,0.0,0.0,0.0,0.0,0.930769,0.0,0.0
64,0.015385,0.015385,0.076923,0.0,0.0,0.0,0.0,0.0,0.0,0.0,0.0,0.0,0.892308,0.0,0.0,0.0,0.0,0.0,0.0,0.0
65,0.0,0.0,0.053846,0.0,0.0,0.0,0.007692,0.0,0.0,0.0,0.0,0.176923,0.746154,0.015385,0.0,0.0,0.0,0.0,0.0,0.0
66,0.0,0.067308,0.0,0.0,0.0,0.0,0.0,0.0,0.0,0.673077,0.0,0.0,0.105769,0.009615,0.0,0.0,0.0,0.144231,0.0,0.0
67,0.0,0.0,0.019231,0.0,0.0,0.0,0.0,0.0,0.0,0.0,0.0,0.0,0.0,0.0,0.0,0.0,0.0,0.980769,0.0,0.0
68,0.333333,0.019231,0.012821,0.0,0.0,0.0,0.0,0.0,0.0,0.0,0.0,0.365385,0.0,0.0,0.0,0.0,0.0,0.269231,0.0,0.0
69,0.0,0.0,0.0,0.0,0.0,0.0,0.0,0.0,0.0,0.0,0.0,0.0,0.0,0.0,0.0,0.932692,0.0,0.067308,0.0,0.0
70,0.0,0.884615,0.0,0.0,0.0,0.019231,0.0,0.0,0.0,0.0,0.0,0.0,0.0,0.028846,0.0,0.0,0.0,0.067308,0.0,0.0
71,0.0,0.0,0.019231,0.0,0.0,0.0,0.0,0.0,0.0,0.0,0.0,0.0,0.875,0.0,0.0,0.0,0.0,0.105769,0.0,0.0
72,0.0,0.0,0.086538,0.0,0.0,0.798077,0.0,0.0,0.0,0.0,0.0,0.0,0.0,0.0,0.067308,0.019231,0.028846,0.0,0.0,0.0
73,0.0,0.0,0.019231,0.0,0.0,0.0,0.019231,0.067308,0.0,0.0,0.0,0.0,0.846154,0.0,0.028846,0.0,0.0,0.019231,0.0,0.0
74,0.0,0.0,0.0,0.0,0.0,0.855769,0.0,0.009615,0.0,0.0,0.0,0.0,0.0,0.0,0.009615,0.067308,0.057692,0.0,0.0,0.0
75,0.0,0.0,0.053846,0.0,0.0,0.015385,0.0,0.0,0.0,0.2,0.0,0.0,0.0,0.0,0.0,0.0,0.730769,0.0,0.0,0.0
76,0.0,0.0,0.028846,0.0,0.0,0.0,0.125,0.0,0.0,0.0,0.0,0.0,0.836538,0.0,0.0,0.0,0.0,0.009615,0.0,0.0
77,0.0,0.0,0.009615,0.0,0.0,0.269231,0.721154,0.0,0.0,0.0,0.0,0.0,0.0,0.0,0.0,0.0,0.0,0.0,0.0,0.0
78,0.605769,0.0,0.0,0.0,0.0,0.009615,0.0,0.019231,0.0,0.0,0.0,0.0,0.0,0.0,0.019231,0.0,0.346154,0.0,0.0,0.0
79,0.0,0.086538,0.865385,0.0,0.0,0.0,0.0,0.0,0.0,0.0,0.0,0.0,0.048077,0.0,0.0,0.0,0.0,0.0,0.0,0.0
80,0.076923,0.012821,0.782051,0.0,0.0,0.0,0.0,0.0,0.0,0.0,0.0,0.0,0.115385,0.012821,0.0,0.0,0.0,0.0,0.0,0.0
81,0.0,0.0,0.461538,0.0,0.0,0.0,0.0,0.0,0.0,0.0,0.25,0.0,0.221154,0.048077,0.0,0.0,0.0,0.019231,0.0,0.0
82,0.0,0.0,0.141026,0.0,0.0,0.0,0.0,0.0,0.0,0.0,0.0,0.0,0.846154,0.0,0.0,0.0,0.0,0.012821,0.0,0.0
83,0.657895,0.0,0.036437,0.0,0.0,0.0,0.0,0.0,0.0,0.0,0.0,0.0,0.038462,0.263158,0.0,0.0,0.0,0.004049,0.0,0.0
84,0.0,0.0,0.538462,0.0,0.0,0.0,0.384615,0.0,0.0,0.0,0.0,0.0,0.0,0.0,0.025641,0.0,0.0,0.051282,0.0,0.0
85,0.0,0.0,0.025641,0.0,0.0,0.128205,0.025641,0.0,0.0,0.0,0.0,0.0,0.0,0.0,0.089744,0.0,0.730769,0.0,0.0,0.0
86,0.0,0.0,0.269231,0.0,0.0,0.25,0.0,0.0,0.0,0.0,0.0,0.0,0.019231,0.423077,0.038462,0.0,0.0,0.0,0.0,0.0
87,0.0,0.0,0.105769,0.0,0.0,0.153846,0.0,0.0,0.0,0.0,0.0,0.0,0.019231,0.0,0.0,0.0,0.721154,0.0,0.0,0.0
88,0.107692,0.0,0.738462,0.0,0.115385,0.0,0.0,0.0,0.0,0.0,0.0,0.0,0.0,0.015385,0.0,0.0,0.023077,0.0,0.0,0.0
89,0.0,0.0,0.961538,0.0,0.009615,0.0,0.0,0.0,0.0,0.0,0.0,0.0,0.0,0.028846,0.0,0.0,0.0,0.0,0.0,0.0
90,0.0,0.125,0.038462,0.0,0.0,0.0,0.0,0.0,0.0,0.0,0.0,0.0,0.211538,0.0,0.0,0.0,0.0,0.625,0.0,0.0
91,0.0,0.067308,0.0,0.0,0.0,0.0,0.0,0.0,0.0,0.0,0.0,0.0,0.182692,0.25,0.0,0.0,0.0,0.5,0.0,0.0
92,0.0,0.048,0.0,0.0,0.0,0.0,0.0,0.0,0.0,0.616,0.0,0.0,0.0,0.0,0.0,0.0,0.0,0.336,0.0,0.0
93,0.0,0.0,0.0,0.0,0.0,0.0,0.0,0.0,0.0,0.04,0.0,0.0,0.0,0.0,0.02,0.0,0.0,0.94,0.0,0.0
94,0.0,0.0,0.0,0.0,0.0,0.0,0.0,0.0,0.0,0.0,0.0,0.0,0.083333,0.0,0.0,0.0,0.0,0.916667,0.0,0.0
95,0.0,0.106061,0.0,0.0,0.0,0.0,0.0,0.0,0.0,0.333333,0.0,0.0,0.090909,0.0,0.0,0.0,0.0,0.469697,0.0,0.0
96,0.0,0.075758,0.0,0.0,0.0,0.0,0.0,0.0,0.0,0.166667,0.0,0.090909,0.0,0.0,0.242424,0.409091,0.0,0.015152,0.0,0.0
97,0.0,0.0,0.0,0.0,0.0,0.0,0.0,0.0,0.0,0.0,0.0,0.0,0.148148,0.0,0.0,0.0,0.0,0.851852,0.0,0.0
98,0.0,0.0,0.1875,0.0,0.0,0.0,0.0,0.0,0.0,0.0,0.0,0.0,0.458333,0.0,0.0,0.0,0.0,0.354167,0.0,0.0
99,0.0,0.0,0.785714,0.0,0.0,0.0,0.0,0.0,0.0,0.0,0.0,0.0,0.142857,0.0,0.0,0.0,0.0,0.071429,0.0,0.0
100,0.0,0.0,0.692308,0.0,0.0,0.0,0.0,0.0,0.0,0.0,0.0,0.0,0.230769,0.0,0.0,0.0,0.0,0.076923,0.0,0.0
101,0.0,0.0,0.032787,0.0,0.0,0.0,0.0,0.0,0.0,0.786885,0.0,0.0,0.163934,0.0,0.0,0.0,0.0,0.0,0.0,0.016393
102,0.0,0.0,0.206897,0.0,0.0,0.0,0.034483,0.0,0.0,0.0,0.0,0.0,0.0,0.551724,0.0,0.0,0.0,0.206897,0.0,0.0
103,0.0,0.0,0.896552,0.0,0.0,0.034483,0.034483,0.0,0.0,0.0,0.0,0.0,0.034483,0.0,0.0,0.0,0.0,0.0,0.0,0.0
104,0.0,0.0,0.068966,0.0,0.0,0.0,0.0,0.0,0.0,0.0,0.0,0.275862,0.551724,0.034483,0.034483,0.034483,0.0,0.0,0.0,0.0
105,0.688172,0.021505,0.215054,0.0,0.0,0.0,0.0,0.0,0.0,0.0,0.0,0.0,0.064516,0.0,0.0,0.0,0.0,0.010753,0.0,0.0
106,0.0,0.0,0.655172,0.0,0.0,0.0,0.0,0.0,0.0,0.0,0.0,0.206897,0.103448,0.0,0.0,0.0,0.0,0.0,0.0,0.034483
107,0.0,0.0,0.068966,0.0,0.034483,0.0,0.0,0.0,0.0,0.0,0.0,0.0,0.862069,0.0,0.0,0.034483,0.0,0.0,0.0,0.0
108,0.0,0.009174,0.0,0.0,0.009174,0.0,0.009174,0.0,0.0,0.0,0.0,0.0,0.495413,0.165138,0.018349,0.293578,0.0,0.0,0.0,0.0
109,0.0,0.0,0.131148,0.0,0.0,0.0,0.016393,0.0,0.0,0.016393,0.0,0.0,0.278689,0.0,0.52459,0.0,0.0,0.0,0.032787,0.0
110,0.034483,0.0,0.793103,0.0,0.0,0.0,0.0,0.0,0.0,0.068966,0.0,0.0,0.0,0.103448,0.0,0.0,0.0,0.0,0.0,0.0
111,0.241379,0.0,0.655172,0.068966,0.0,0.0,0.0,0.0,0.0,0.0,0.0,0.0,0.034483,0.0,0.0,0.0,0.0,0.0,0.0,0.0
112,0.172414,0.0,0.0,0.0,0.827586,0.0,0.0,0.0,0.0,0.0,0.0,0.0,0.0,0.0,0.0,0.0,0.0,0.0,0.0,0.0
113,0.0,0.206897,0.0,0.0,0.034483,0.0,0.0,0.0,0.0,0.0,0.0,0.0,0.0,0.689655,0.0,0.0,0.0,0.0,0.068966,0.0
114,0.133758,0.0,0.044586,0.0,0.203822,0.006369,0.0,0.6022,0.0,0.0,0.0,0.0,0.0,0.0,0.0,0.0,0.009265,0.0,0.0,0.0
115,0.0,0.0,0.0,0.0,0.037736,0.0,0.0,0.301887,0.056604,0.0,0.0,0.0,0.0,0.075472,0.0,0.0,0.0,0.0,0.528302,0.0
116,0.070588,0.0,0.094118,0.0,0.211765,0.0,0.0,0.0,0.2,0.0,0.0,0.0,0.0,0.0,0.0,0.0,0.0,0.0,0.423529,0.0
117,0.72973,0.027027,0.108108,0.0,0.054054,0.0,0.0,0.0,0.0,0.0,0.0,0.0,0.0,0.081081,0.0,0.0,0.0,0.0,0.0,0.0
118,0.027027,0.0,0.0,0.108108,0.756757,0.0,0.0,0.0,0.0,0.081081,0.0,0.0,0.0,0.027027,0.0,0.0,0.0,0.0,0.0,0.0
119,0.006734,0.094276,0.006734,0.0,0.0,0.0,0.0,0.0,0.0,0.0,0.0,0.0,0.0,0.016835,0.0,0.0,0.0,0.0,0.0,0.875421
120,0.538462,0.0,0.333333,0.0,0.0,0.0,0.0,0.0,0.0,0.0,0.0,0.0,0.025641,0.0,0.0,0.0,0.0,0.102564,0.0,0.0
121,0.0,0.0,0.853659,0.0,0.0,0.0,0.0,0.0,0.0,0.146341,0.0,0.0,0.0,0.0,0.0,0.0,0.0,0.0,0.0,0.0
122,0.0,0.0,0.063492,0.0,0.0,0.0,0.0,0.0,0.0,0.0,0.0,0.015873,0.492063,0.0,0.0,0.079365,0.0,0.349206,0.0,0.0
123,0.0,0.349206,0.015873,0.0,0.0,0.0,0.0,0.0,0.0,0.015873,0.0,0.0,0.111111,0.063492,0.174603,0.015873,0.0,0.253968,0.0,0.0
124,0.0,0.0,0.0,0.0,0.0,0.0,0.52381,0.0,0.0,0.0,0.0,0.0,0.174603,0.0,0.0,0.0,0.031746,0.269841,0.0,0.0
125,0.0,0.0,0.0,0.0,0.0,0.047619,0.063492,0.0,0.0,0.444444,0.0,0.0,0.396825,0.0,0.015873,0.0,0.0,0.031746,0.0,0.0
126,0.0,0.0,0.092308,0.0,0.353846,0.2,0.030769,0.0,0.0,0.0,0.0,0.0,0.0,0.0,0.0,0.0,0.0,0.292308,0.030769,0.0
127,0.0,0.0,0.0,0.0,0.0,0.0,0.0,0.4375,0.0,0.0,0.0,0.0,0.0,0.0,0.203125,0.0625,0.015625,0.28125,0.0,0.0
128,0.0,0.284091,0.0,0.0,0.034091,0.0,0.0,0.0,0.0,0.0,0.0,0.0,0.0,0.022727,0.0,0.0,0.0,0.318182,0.340909,0.0
129,0.0,0.142857,0.025974,0.0,0.0,0.220779,0.025974,0.0,0.0,0.142857,0.0,0.0,0.0,0.0,0.0,0.116883,0.324675,0.0,0.0,0.0
130,0.007576,0.0,0.0,0.0,0.189394,0.007576,0.0,0.0,0.0,0.0,0.0,0.295455,0.0,0.007576,0.060606,0.090909,0.0,0.333333,0.007576,0.0
131,0.0,0.0,0.0,0.0,0.0,0.011364,0.056818,0.0,0.0,0.0,0.0,0.329545,0.556818,0.0,0.0,0.0,0.0,0.045455,0.0,0.0
132,0.168831,0.071429,0.571429,0.0,0.0,0.038961,0.006494,0.0,0.0,0.0,0.0,0.0,0.142857,0.0,0.0,0.0,0.0,0.0,0.0,0.0
133,0.007576,0.0,0.174242,0.0,0.0,0.0,0.0,0.0,0.0,0.0,0.0,0.007576,0.363636,0.19697,0.0,0.0,0.0,0.25,0.0,0.0
134,0.0,0.0,0.522727,0.0,0.0,0.0,0.0,0.0,0.0,0.0,0.0,0.0,0.477273,0.0,0.0,0.0,0.0,0.0,0.0,0.0
135,0.0,0.0,0.439394,0.0,0.0,0.030303,0.030303,0.0,0.0,0.0,0.0,0.136364,0.030303,0.0,0.0,0.333333,0.0,0.0,0.0,0.0
136,0.0,0.0,0.0,0.0,0.0,0.015152,0.0,0.0,0.0,0.363636,0.015152,0.30303,0.0,0.060606,0.015152,0.015152,0.030303,0.181818,0.0,0.0
137,0.136364,0.0,0.0,0.0,0.0,0.0,0.0,0.0,0.0,0.0,0.0,0.0,0.0,0.378788,0.015152,0.333333,0.0,0.136364,0.0,0.0
138,0.045455,0.0,0.0,0.0,0.0,0.0,0.0,0.0,0.166667,0.166667,0.0,0.0,0.0,0.0,0.0,0.568182,0.0,0.0,0.05303,0.0
139,0.0,0.0,0.037879,0.0,0.0,0.037879,0.0,0.0,0.0,0.0,0.0,0.393939,0.0,0.0,0.0,0.0,0.181818,0.340909,0.007576,0.0
140,0.0,0.0,0.0,0.0,0.009091,0.0,0.0,0.0,0.218182,0.0,0.0,0.0,0.054545,0.0,0.0,0.0,0.0,0.681818,0.036364,0.0
141,0.0,0.0,0.0,0.0,0.0,0.0,0.0,0.0,0.0,0.0,0.0,0.0,0.054545,0.0,0.0,0.681818,0.263636,0.0,0.0,0.0
142,0.0,0.068182,0.0,0.0,0.022727,0.0,0.0,0.0,0.0,0.0,0.0,0.0,0.0,0.034091,0.0,0.045455,0.0,0.556818,0.272727,0.0
143,0.0,0.0,0.039773,0.0,0.0,0.005682,0.0,0.0,0.0,0.375,0.0,0.0,0.0,0.0,0.017045,0.096591,0.136364,0.329545,0.0,0.0
144,0.003497,0.076923,0.027972,0.0,0.0,0.0,0.0,0.0,0.0,0.0,0.0,0.0,0.01049,0.08042,0.0,0.0,0.0,0.800699,0.0,0.0
145,0.0,0.0,0.397727,0.0,0.0,0.0,0.0,0.0,0.0,0.0,0.0,0.011364,0.0,0.0,0.0,0.465909,0.0,0.125,0.0,0.0
146,0.0,0.2,0.009091,0.0,0.0,0.0,0.0,0.0,0.0,0.0,0.0,0.0,0.309091,0.0,0.254545,0.227273,0.0,0.0,0.0,0.0
147,0.0,0.0,0.018182,0.0,0.0,0.0,0.0,0.0,0.0,0.0,0.0,0.054545,0.072727,0.0,0.0,0.0,0.0,0.854545,0.0,0.0
148,0.0,0.0,0.102273,0.0,0.0,0.295455,0.0,0.0,0.0,0.0,0.0,0.0,0.0,0.0,0.011364,0.045455,0.0,0.545455,0.0,0.0
149,0.0,0.0,0.0,0.0,0.0,0.039474,0.0,0.289474,0.0,0.0,0.0,0.039474,0.0,0.0,0.039474,0.0,0.092105,0.5,0.0,0.0
150,0.0,0.0,0.110345,0.0,0.0,0.0,0.317241,0.0,0.0,0.0,0.0,0.0,0.0,0.0,0.0,0.289655,0.041379,0.241379,0.0,0.0
151,0.0,0.0,0.0,0.0,0.0,0.0,0.116505,0.504854,0.0,0.0,0.019417,0.0,0.0,0.0,0.019417,0.0,0.0,0.339806,0.0,0.0
152,0.338983,0.0,0.457627,0.0,0.0,0.033898,0.0,0.0,0.0,0.0,0.0,0.0,0.0,0.0,0.067797,0.0,0.0,0.101695,0.0,0.0
153,0.0,0.0,0.0,0.0,0.0,0.068966,0.137931,0.689655,0.0,0.0,0.0,0.0,0.0,0.0,0.0,0.0,0.103448,0.0,0.0,0.0
154,0.0,0.0,0.137931,0.0,0.0,0.862069,0.0,0.0,0.0,0.0,0.0,0.0,0.0,0.0,0.0,0.0,0.0,0.0,0.0,0.0
155,0.0,0.0,0.0,0.0,0.0,0.965517,0.0,0.0,0.0,0.0,0.0,0.0,0.0,0.0,0.034483,0.0,0.0,0.0,0.0,0.0
156,0.0,0.551724,0.034483,0.0,0.0,0.0,0.0,0.0,0.0,0.0,0.0,0.0,0.034483,0.0,0.241379,0.103448,0.0,0.034483,0.0,0.0
157,0.0,0.0,0.0,0.0,0.0,0.0,0.0,0.0,0.0,0.0,0.0,0.068966,0.034483,0.0,0.206897,0.0,0.0,0.689655,0.0,0.0
158,0.0,0.0,0.0,0.0,0.0,0.088889,0.0,0.0,0.0,0.355556,0.0,0.0,0.0,0.0,0.466667,0.0,0.0,0.088889,0.0,0.0
159,0.0,0.0,0.0,0.0,0.0,0.0,0.0,0.0,0.0,0.0,0.0,0.0,0.0,0.0,0.0,0.0,0.0,0.0,0.0,0.0
160,0.0,0.0,0.0,0.0,0.0,0.0,0.0,0.0,0.0,0.0,0.0,0.0,0.0,0.0,0.0,0.0,0.0,0.0,0.0,0.0
161,0.0,0.0,0.0,0.0,0.0,0.0,0.0,0.0,0.0,0.0,0.0,0.0,0.0,0.0,0.0,0.0,0.0,0.0,0.0,0.0
162,0.0,0.0,0.0,0.0,0.0,0.0,0.0,0.0,0.0,0.0,0.0,0.0,0.0,0.0,0.0,0.0,0.0,0.0,0.0,0.0
