ResiduePosition,H,E,L
1,0.0,0.0,0.0
2,0.0,0.0,0.0
3,0.0,1.0,0.0
4,0.0,1.0,0.0
5,0.0,1.0,0.0
6,0.0,1.0,0.0
7,0.0,1.0,0.0
8,0.0,1.0,0.0
9,0.0,0.930769,0.069231
10,0.623077,0.0,0.376923
11,0.0,0.0,1.0
12,0.0,0.0,1.0
13,0.0,0.0,1.0
14,1.0,0.0,0.0
15,1.0,0.0,0.0
16,1.0,0.0,0.0
17,0.857143,0.0,0.142857
18,1.0,0.0,0.0
19,1.0,0.0,0.0
20,1.0,0.0,0.0
21,1.0,0.0,0.0
22,1.0,0.0,0.0
23,0.653846,0.0,0.346154
24,0.0,0.0,1.0
25,0.0,0.0,1.0
26,0.0,0.0,1.0
27,0.0,0.910256,0.089744
28,0.0,1.0,0.0
29,0.0,1.0,0.0
30,0.0,0.0,1.0
31,0.0,0.0,1.0
32,0.0,0.986667,0.013333
33,0.0,0.98,0.02
34,0.0,0.595,0.405
35,0.25,0.605,0.145
36,0.4,0.468,0.132
37,0.666667,0.24,0.093333
38,0.0,0.672,0.328
39,0.013333,0.413333,0.573333
40,0.013333,0.0,0.986667
41,0.01,0.25,0.74
42,0.0,0.31,0.69
43,0.0,0.795,0.205
44,0.0,0.825,0.175
45,0.0,0.78,0.22
46,0.0,0.806667,0.193333
47,0.0,0.94,0.06
48,0.0,0.98,0.02
49,0.2,0.792308,0.007692
50,0.0,0.0,1.0
51,0.0,0.0,1.0
52,0.0,0.0,1.0
53,0.0,0.0,1.0
54,0.0,0.75,0.25
55,0.0,1.0,0.0
56,0.0,1.0,0.0
57,0.0,1.0,0.0
58,0.0,0.8,0.2
59,0.0,0.855769,0.144231
60,0.0,0.0,1.0
61,0.0,0.0,1.0
62,0.0,0.0,1.0
63,0.0,0.0,1.0
64,0.0,0.0,1.0
65,0.0,0.0,1.0
66,0.980769,0.0,0.019231
67,0.980769,0.0,0.019231
68,0.653846,0.333333,0.012821
69,0.980769,0.0,0.019231
70,0.913462,0.0,0.086538
71,0.182692,0.0,0.817308
72,0.0,0.0,1.0
73,0.0,0.0,1.0
74,0.0,0.0,1.0
75,0.2,0.730769,0.069231
76,0.0,0.913462,0.086538
77,0.0,1.0,0.0
78,0.0,0.980769,0.019231
79,0.0,0.125,0.875
80,0.0,0.820513,0.179487
81,0.0,0.403846,0.596154
82,0.0,0.0,1.0
83,0.0,0.005639,0.994361
84,0.0,0.205128,0.794872
85,0.0,0.807692,0.192308
86,0.528846,0.009615,0.461538
87,0.0,0.576923,0.423077
88,0.0,0.453846,0.546154
89,0.528846,0.0,0.471154
90,0.75,0.0,0.25
91,0.980769,0.0,0.019231
92,1.0,0.0,0.0
93,1.0,0.0,0.0
94,1.0,0.0,0.0
95,1.0,0.0,0.0
96,0.863636,0.0,0.136364
97,0.833333,0.0,0.166667
98,0.770833,0.0,0.229167
99,0.071429,0.0,0.928571
100,0.0,0.0,1.0
101,0.786885,0.0,0.213115
102,0.0,0.0,1.0
103,0.0,0.0,1.0
104,0.0,0.0,1.0
105,0.0,0.688172,0.311828
106,0.034483,0.0,0.965517
107,0.034483,0.0,0.965517
108,0.009174,0.0,0.990826
109,0.0,0.0,1.0
110,0.0,0.0,1.0
111,0.0,0.0,1.0
112,0.0,0.0,1.0
113,0.0,0.0,1.0
114,0.0,0.025478,0.974522
115,0.0,0.867925,0.132075
116,0.0,0.929412,0.070588
117,0.0,0.72973,0.27027
118,0.027027,0.675676,0.297297
119,0.080808,0.215488,0.703704
120,0.128205,0.0,0.871795
121,0.243902,0.0,0.756098
122,0.507937,0.0,0.492063
123,0.507937,0.0,0.492063
124,0.444444,0.0,0.555556
125,0.444444,0.0,0.555556
126,0.461538,0.046154,0.492308
127,0.453125,0.421875,0.125
128,0.602273,0.329545,0.068182
129,0.545455,0.376623,0.077922
130,0.363636,0.378788,0.257576
131,0.295455,0.295455,0.409091
132,0.142857,0.168831,0.688312
133,0.0,0.174242,0.825758
134,0.0,0.011364,0.988636
135,0.469697,0.0,0.530303
136,0.469697,0.0,0.530303
137,0.469697,0.0,0.530303
138,0.568182,0.348485,0.083333
139,0.568182,0.409091,0.022727
140,0.481818,0.5,0.018182
141,0.481818,0.5,0.018182
142,0.602273,0.375,0.022727
143,0.801136,0.1875,0.011364
144,0.877622,0.094406,0.027972
145,0.602273,0.022727,0.375
146,0.681818,0.0,0.318182
147,0.681818,0.0,0.318182
148,0.602273,0.022727,0.375
149,0.539474,0.355263,0.105263
150,0.531034,0.441379,0.027586
151,0.339806,0.621359,0.038835
152,0.101695,0.525424,0.372881
153,0.0,0.931034,0.068966
154,0.0,0.896552,0.103448
155,0.0,0.62069,0.37931
156,0.068966,0.0,0.931034
157,0.068966,0.0,0.931034
158,0.4,0.0,0.6
159,0.0,0.0,0.0
160,0.0,0.0,0.0
161,0.0,0.0,0.0
162,0.0,0.0,0.0
