ResiduePosition,Entropy_3di,diversity,ss_entropy,Entropy_3di_roll20,ss_entropy_roll20
1,0.0,0.0,0.0,0.0,0.0
2,0.0,0.0,0.0,0.0,0.0
3,-0.0,1.0,-0.0,0.5532265,0.1318886
4,-0.0,1.0,-0.0,0.5902774545454545,0.11989872727272727
5,0.235193,1.0,-0.0,0.68877225,0.10990716666666667
6,-0.0,1.0,-0.0,0.6813030769230769,0.10145276923076924
7,0.302516,1.0,-0.0,0.6970756428571429,0.09420614285714286
8,0.585867,1.0,-0.0,0.7271929333333333,0.1273706
9,0.881291,1.147942,0.363046,0.7175959375000001,0.11940993750000001
10,0.366972,1.88574,0.95584,0.675384411764706,0.11238582352941177
11,1.536294,1.0,-0.0,0.6922716111111111,0.10614216666666668
12,1.624132,1.0,-0.0,0.7124786315789473,0.10055573684210527
13,0.960787,1.0,-0.0,0.6768547,0.09552795
14,1.772215,1.0,-0.0,0.6768547,0.14205725
15,0.591673,1.0,-0.0,0.7093558,0.14205725
16,0.902119,1.0,-0.0,0.7214497,0.14205725
17,1.148835,1.324324,0.591673,0.73005155,0.14205725
18,0.573641,1.0,-0.0,0.7235276,0.1638379
19,-0.0,1.0,-0.0,0.69423425,0.1638379
20,0.979354,1.0,-0.0,0.65877155,0.14568560000000003
21,1.076205,1.0,-0.0,0.6972403,0.0978936
22,-0.0,1.0,-0.0,0.6820989500000001,0.0978936
23,-0.0,1.827027,0.930586,0.6210013,0.1030015
24,0.650022,1.0,-0.0,0.62637035,0.11007355
25,0.477071,1.0,-0.0,0.6305066500000001,0.15876355
26,0.172037,1.0,-0.0,0.71310545,0.22589220000000002
27,0.172037,1.195285,0.435613,0.7708035499999999,0.29724475
28,-0.0,1.0,-0.0,0.77081565,0.3278334
29,0.172037,1.0,-0.0,0.8416577499999999,0.3734769
30,1.136347,1.0,-0.0,0.86573215,0.42697820000000003
31,1.233467,1.0,-0.0,0.8871422499999999,0.4320861
32,0.402179,1.027022,0.102158,0.9566457500000001,0.47648095
33,1.068168,1.040799,0.141441,1.072929,0.5211395999999999
34,1.854941,1.930316,0.9738,1.15695055,0.5112011
35,2.243649,2.224447,1.342573,1.18684995,0.5446519000000001
36,2.056081,2.522399,1.427051,1.23656835,0.5826603
37,1.149077,1.957884,1.203446,1.2738808499999998,0.61807995
38,1.990483,1.788371,0.91287,1.3128118,0.6126715500000001
39,0.481488,2.001067,1.070026,1.32893645,0.6197436
40,1.407556,1.027022,0.102158,1.3720807499999998,0.6589693000000001
41,2.466275,1.638807,0.887897,1.35002765,0.6589693000000001
42,2.325665,1.747641,0.893173,1.3281360999999998,0.6589693000000001
43,1.680431,1.483569,0.731816,1.34003805,0.6538614
44,1.24801,1.405975,0.669016,1.30378465,0.64678935
45,1.471439,1.522533,0.760168,1.23810875,0.63866325
46,0.918287,1.453301,0.708393,1.16314695,0.5715346
47,0.950656,1.127142,0.327445,1.09756355,0.50018205
48,0.322493,1.040799,0.141441,1.04696465,0.44000975000000003
49,1.034923,1.49743,0.784514,1.01242645,0.43046265000000006
50,0.695285,1.0,-0.0,0.9883520499999999,0.40672195
51,0.795636,1.0,-0.0,0.91797425,0.40161405000000006
52,0.640218,1.0,-0.0,0.8128128,0.35721919999999996
53,0.3431,1.0,-0.0,0.7173271999999999,0.31256055
54,0.541423,1.6,0.811278,0.65145795,0.27596975
55,0.744413,1.0,-0.0,0.61988925,0.24251895
56,0.744413,1.0,-0.0,0.6028645499999999,0.20451055
57,0.137099,1.0,-0.0,0.62978065,0.17594585000000001
58,1.299719,1.470588,0.721928,0.5891028,0.16642855
59,-0.0,1.327768,0.595212,0.6609246000000001,0.20984125000000003
60,-0.0,1.0,-0.0,0.6269682000000001,0.1774705
61,0.363046,1.0,-0.0,0.6259884,0.19871095
62,0.415953,1.0,-0.0,0.61725595,0.23300755
63,0.363046,1.0,-0.0,0.63946705,0.23300755
64,0.616636,1.0,-0.0,0.6694319500000001,0.23300755
65,1.130945,1.0,-0.0,0.68339165,0.19244365
66,1.456609,1.039201,0.137099,0.7019051000000001,0.2455324
67,0.137099,1.039201,0.137099,0.7048042000000001,0.26677285
68,1.758929,1.85601,1.009695,0.74366,0.26677285
69,0.355795,1.039201,0.137099,0.74125085,0.2375314
70,0.675689,1.187788,0.424809,0.77607775,0.234949
71,0.620987,1.425784,0.685932,0.83021065,0.2688967
72,1.08444,1.0,-0.0,0.90287785,0.31755449999999996
73,0.942398,1.0,-0.0,0.9162325000000001,0.31755449999999996
74,0.820617,1.0,-0.0,0.9626470000000001,0.3200664
75,1.114682,1.727663,1.061775,1.000134,0.35666974999999995
76,0.802395,1.187788,0.424809,1.0082764000000002,0.39198345
77,0.914215,1.0,-0.0,1.0267024,0.43839425
78,1.251536,1.039201,0.137099,1.0802467500000001,0.48068225
79,0.696538,1.28,0.543564,1.0546427,0.47988975
80,1.082658,1.417521,0.678954,1.05017275,0.5229147000000001
81,1.81639,1.928673,0.973156,1.0890703,0.54223815
82,0.683046,1.0,-0.0,1.14352545,0.5147965
83,1.291336,1.011342,0.050238,1.1477808,0.5147965
84,1.366376,1.483902,0.732067,1.11978805,0.5147965
85,1.293793,1.450644,0.706274,1.09944805,0.5147965
86,1.825129,2.029268,1.065315,1.12862395,0.4617077500000001
87,1.207986,1.953757,0.982859,1.1956064000000002,0.4691991000000001
88,1.246848,1.983103,0.993845,1.1801549999999998,0.5017002
89,0.266396,1.993365,0.997598,1.1925308000000001,0.53367305
90,1.45364,1.6,0.811278,1.20502255,0.5250564499999999
91,1.71009,1.039201,0.137099,1.2078954499999999,0.4911087500000001
92,1.169547,1.0,-0.0,1.1650083,0.47982065
93,0.382543,1.0,-0.0,1.20992825,0.47982065
94,0.413817,1.0,-0.0,1.17755115,0.47730875000000006
95,1.6982,1.0,-0.0,1.196959,0.4407054
96,2.142044,1.308108,0.574636,1.1968895,0.4501552999999999
97,0.605187,1.384615,0.650022,1.1744368,0.4077094
98,1.499052,1.546309,0.776556,1.1533220499999999,0.3693863
99,0.946373,1.152941,0.371232,1.1780941,0.32345745
100,1.140116,1.0,-0.0,1.2518957,0.27357755
101,0.958647,1.50465,0.747394,1.23108375,0.23301365000000002
102,1.581445,1.0,-0.0,1.2119919,0.2261587
103,0.643794,1.0,-0.0,1.1866744,0.2261587
104,1.754533,1.0,-0.0,1.23122505,0.2261587
105,1.292403,1.751874,0.895272,1.2908155000000001,0.23471765000000003
106,1.376075,1.071338,0.216397,1.29101775,0.2628728
107,0.785691,1.071338,0.216397,1.2866365000000002,0.25254675
108,1.742289,1.018517,0.075268,1.32342165,0.26213825
109,1.742428,1.0,-0.0,1.30980545,0.2754721
110,1.037401,1.0,-0.0,1.29676655,0.31327005
111,1.328253,1.0,-0.0,1.31384575,0.3408948
112,0.663197,1.0,-0.0,1.29594385,0.34359860000000003
113,1.273556,1.0,-0.0,1.30042035,0.39358950000000004
114,1.605626,1.052252,0.171179,1.3862909,0.4435804
115,1.702245,1.29746,0.563103,1.3783761499999998,0.49313419999999997
116,2.054419,1.151028,0.368115,1.40193965,0.49792439999999993
117,1.34089,1.651387,0.841852,1.4401250500000002,0.5482524499999999
118,1.226728,1.832664,1.043233,1.49320745,0.60832055
119,0.685595,1.824272,1.127191,1.4991419000000001,0.6661815499999999
120,1.4817,1.287892,0.552495,1.5343078,0.73090495
121,0.600609,1.584354,0.80147,1.596225,0.8091683
122,1.670975,1.999496,0.999818,1.6052772000000002,0.8875148000000002
123,2.361205,1.999496,0.999818,1.6619786,0.9477767
124,1.596238,1.97561,0.991076,1.7002188,0.9811426000000001
125,1.763673,1.97561,0.991076,1.66986295,0.9770688
126,2.139783,2.185722,1.222958,1.6797596000000001,0.9987811000000001
127,1.847339,2.506732,1.417759,1.6902453000000002,1.0302428000000001
128,1.860978,2.100922,1.232488,1.7199185499999998,1.03801765
129,2.445746,2.244983,1.294468,1.7462042500000003,1.05046245
130,2.275745,2.92349,1.565267,1.80777505,1.0498528500000002
131,1.509297,2.924471,1.56693,1.7997079,1.0778622
132,1.797225,1.913198,1.205238,1.8253124,1.0934228
133,2.03836,1.404029,0.667318,1.82869855,1.0981962
134,0.998509,1.022985,0.089703,1.8158186,1.0873298
135,1.900178,1.992681,0.997349,1.78979015,1.0693291
136,2.264133,1.992681,0.997349,1.77614725,1.0745396
137,1.934355,1.992681,0.997349,1.7710517500000003,1.0585113499999999
138,1.752442,2.21623,1.292129,1.718825,1.0327430499999999
139,1.917011,2.037895,1.114999,1.7062369,1.02588295
140,1.320357,2.072628,1.112682,1.67829015,1.0287917
141,1.112699,2.072628,1.112682,1.6684653,1.0079574
142,1.738698,1.984623,1.095286,1.6734578500000001,0.98649665
143,2.103606,1.476876,0.78249,1.6740590000000002,0.9939284500000001
144,1.075669,1.28219,0.631062,1.6405686,0.9786651
145,1.490815,1.984623,1.095286,1.6195829,0.99817155
146,2.037873,1.766423,0.902393,1.5353938500000002,0.9961817500000001
147,0.802804,1.766423,0.902393,1.51266145,0.9644168499999999
148,1.609216,1.984623,1.095286,1.4796215,0.93265195
149,1.886811,2.334681,1.352643,1.47521575,0.91659305
150,2.079248,2.093915,1.148581,1.4519633684210527,0.9061506315789473
151,1.609148,1.987821,1.137715,1.4592748333333334,0.8946766666666667
152,1.809248,2.350439,1.353874,1.4796616470588235,0.8818528235294117
153,1.368552,1.14734,0.362051,1.463471875,0.86851325
154,0.578795,1.227737,0.479832,1.4207962666666667,0.8742481333333333
155,0.216397,1.889888,0.957553,1.4454482142857141,0.8916185714285714
156,1.809485,1.14734,0.362051,1.4419584615384617,0.8759518461538461
157,1.273556,1.14734,0.362051,1.3922989166666666,0.8737484166666666
158,1.664327,1.923077,0.970951,1.4458893636363637,0.8711443636363636
159,0.0,0.0,0.0,0.0,0.0
160,0.0,0.0,0.0,0.0,0.0
161,0.0,0.0,0.0,0.0,0.0
162,0.0,0.0,0.0,0.0,0.0
